Workbook

Sheet Overview
A1: AI Testing Automation Plan: Jira to Report
A3: Goal | B3: A Jira test case goes in. The pipeline generates a feature file, step definitions and page objects, runs the tests, analyses failures, suggests fixes, and publishes a report. Humans approve anything that changes code.
A5: Plan start date | B5: 46300 | C5: Edit this date (yellow cell). All phase dates on the 'Phased Plan' tab recalculate.
A7: Schedule summary
A8: Total weeks (min) | B8: =SUM('Phased Plan'!D4:D12) -> 13
A9: Total weeks (max) | B9: =SUM('Phased Plan'!E4:E12) -> 14
A10: Planned finish (uses max weeks) | B10: ='Phased Plan'!H12 -> 46397
A11: First milestone, weeks (Phases 0-1, min) | B11: =SUM('Phased Plan'!D4:D5) -> 3
A12: First milestone, weeks (Phases 0-1, max) | B12: =SUM('Phased Plan'!E4:E5) -> 4
A13: Phases done | B13: =COUNTIF('Phased Plan'!I4:I12,"Done") -> 0
A14: Progress | B14: =B13/COUNTA('Phased Plan'!A4:A12) -> 0
A16: Assumptions
A17: 1. Week estimates are rough, for one person working part-time. They are planning estimates, not commitments.
A18: 2. Phase 1 is a 1-2 week range; the schedule uses the max so the dates are conservative.
A19: 3. Phases run back to back with no overlap or buffer. Edit min/max weeks on the 'Phased Plan' tab to change the schedule.
A20: 4. The start date (2026-10-05) is a placeholder assumption; set your own.

Sheet Architecture
A1: Layer | B1: Responsibility | C1: Tools
A2: Input | B2: Pull test cases | C2: mcp-atlassian / Jira REST
A3: Orchestration | B3: Runs the workflow as a graph | C3: LangGraph (or LangChain4j)
A4: AI | B4: Generate tests, analyse failures, suggest fixes | C4: Claude API or Ollama
A5: Automation | B5: Execute tests | C5: Cucumber-JVM, JUnit 5, Playwright / Selenium, Rest Assured, Appium
A6: Quality and safety | B6: Validate, evaluate, scan | C6: Pydantic, Guardrails AI, LLM Guard, promptfoo / DeepEval
A7: Observability and reporting | B7: Trace and report | C7: Langfuse, Allure / ReportPortal
A8: Delivery | B8: Run it reliably | C8: Docker, Jenkins

Sheet Phased Plan
A1: Phased plan (dates calculate from the start date on the Overview tab; blue = editable inputs)
A3: Phase | B3: Name | C3: What to build | D3: Min weeks | E3: Max weeks | F3: Done when | G3: Start | H3: End | I3: Status | J3: Notes
A4: 0 | B4: Baseline | C4: A small stable Java suite (UI + API) with Cucumber, Maven, Allure, running in Jenkins | D4: 2 | E4: 2 | F4: Suite runs green in CI with a report | G4: =Overview!$B$5 -> 46300 | H4: =G4+E4*7-1 -> 46313 | I4: Not started
A5: 1 | B5: Jira to feature file | C5: Fetch a ticket, prompt the LLM, validate output with Pydantic, write a .feature file | D5: 1 | E5: 2 | F5: 10 sample tickets produce reviewable features | G5: =H4+1 -> 46314 | H5: =G5+E5*7-1 -> 46327 | I5: Not started
A6: 2 | B6: Step definitions and page objects | C6: LLM generates glue code and page classes into your repo as a branch or PR | D6: 2 | E6: 2 | F6: Generated code compiles and passes on a simple flow | G6: =H5+1 -> 46328 | H6: =G6+E6*7-1 -> 46341 | I6: Not started
A7: 3 | B7: Execution and failure capture | C7: Run tests in Docker; collect logs, screenshots, traces, DOM snippets | D7: 1 | E7: 1 | F7: Every failure has a bundle of evidence | G7: =H6+1 -> 46342 | H7: =G7+E7*7-1 -> 46348 | I7: Not started
A8: 4 | B8: AI root cause and suggested fix | C8: Feed the evidence to the LLM, get a diagnosis and a diff | D8: 2 | E8: 2 | F8: Diff opens as a PR; nothing auto-merges | G8: =H7+1 -> 46349 | H8: =G8+E8*7-1 -> 46362 | I8: Not started
A9: 5 | B9: Evaluation gate | C9: Regression set of tickets and failures; run promptfoo / DeepEval in Jenkins | D9: 1 | E9: 1 | F9: A prompt or model change that lowers quality fails the build | G9: =H8+1 -> 46363 | H9: =G9+E9*7-1 -> 46369 | I9: Not started
A10: 6 | B10: Safety and observability | C10: Injection scanning on Jira text, edit restrictions, Langfuse tracing | D10: 1 | E10: 1 | F10: You can replay any agent run and see what the LLM saw | G10: =H9+1 -> 46370 | H10: =G10+E10*7-1 -> 46376 | I10: Not started
A11: 7 | B11: Multi-agent and RAG | C11: Split into generator, reviewer and analyst agents; retrieve past tests and defects | D11: 2 | E11: 2 | F11: Fewer rejected generations; better root-cause accuracy | G11: =H10+1 -> 46377 | H11: =G11+E11*7-1 -> 46390 | I11: Not started
A12: 8 | B12: Dashboard | C12: Allure / ReportPortal plus AI metrics | D12: 1 | E12: 1 | F12: Root-cause accuracy, fix acceptance rate and cost per run are visible | G12: =H11+1 -> 46391 | H12: =G12+E12*7-1 -> 46397 | I12: Not started
B13: Total | D13: =SUM(D4:D12) -> 13 | E13: =SUM(E4:E12) -> 14

Sheet Rules
A1: # | B1: Rule to keep from day one | C1: Followed?
A2: 1 | B2: Human approval before merging any generated test or fix. | C2: No
A3: 2 | B3: Treat Jira content as untrusted input. | C3: No
A4: 3 | B4: Start with Ollama for experiments; use a hosted model where quality matters and policy allows. | C4: No
A5: 4 | B5: Measure everything: if you can't score the AI output, you can't improve it. | C5: No
A6: 5 | B6: Fix the AI's output format with schemas, not prompt wording alone. | C6: No

Sheet Risks
A1: Risk | B1: Mitigation | C1: Owner | D1: Status
A2: Generated tests pass but test the wrong thing | B2: Human review plus an evaluation set with expected scenarios | D2: Open
A3: Flaky tests mistaken for real bugs | B3: Have the root-cause step classify as product bug, test bug, environment or flaky | D3: Open
A4: Hallucinated locators or APIs | B4: Give the agent the real DOM or OpenAPI spec as context | D4: Open
A5: Cost creep | B5: Cache, trim context, and track cost per run in Langfuse | D5: Open
A6: Sensitive data leakage | B6: Mask data before sending, or use local models | D6: Open
