Workbook

Sheet Summary
A1: Java vs Python - Topic-wise Learning Summary
A3: Category | B3: Total Topics | C3: Java Topics | D3: Python Topics | E3: Both (Matched) | F3: Java NA | G3: Python NA | H3: Done | I3: In Progress | J3: % Done
A4: Basics | B4: =COUNTIF('Java vs Python'!$B$2:$B$190,A4) -> 13 | C4: =B4-F4 -> 12 | D4: =B4-G4 -> 13 | E4: =B4-F4-G4 -> 12 | F4: =COUNTIFS('Java vs Python'!$B$2:$B$190,A4,'Java vs Python'!$E$2:$E$190,"NA*") -> 1 | G4: =COUNTIFS('Java vs Python'!$B$2:$B$190,A4,'Java vs Python'!$H$2:$H$190,"NA*") -> 0 | H4: =COUNTIFS('Java vs Python'!$B$2:$B$190,A4,'Java vs Python'!$K$2:$K$190,"Done") -> 1 | I4: =COUNTIFS('Java vs Python'!$B$2:$B$190,A4,'Java vs Python'!$K$2:$K$190,"In Progress") -> 0 | J4: =IF(B4=0,0,H4/B4) -> 0.076923077
A5: Variables | B5: =COUNTIF('Java vs Python'!$B$2:$B$190,A5) -> 3 | C5: =B5-F5 -> 3 | D5: =B5-G5 -> 3 | E5: =B5-F5-G5 -> 3 | F5: =COUNTIFS('Java vs Python'!$B$2:$B$190,A5,'Java vs Python'!$E$2:$E$190,"NA*") -> 0 | G5: =COUNTIFS('Java vs Python'!$B$2:$B$190,A5,'Java vs Python'!$H$2:$H$190,"NA*") -> 0 | H5: =COUNTIFS('Java vs Python'!$B$2:$B$190,A5,'Java vs Python'!$K$2:$K$190,"Done") -> 0 | I5: =COUNTIFS('Java vs Python'!$B$2:$B$190,A5,'Java vs Python'!$K$2:$K$190,"In Progress") -> 0 | J5: =IF(B5=0,0,H5/B5) -> 0
A6: Data Types | B6: =COUNTIF('Java vs Python'!$B$2:$B$190,A6) -> 7 | C6: =B6-F6 -> 6 | D6: =B6-G6 -> 6 | E6: =B6-F6-G6 -> 5 | F6: =COUNTIFS('Java vs Python'!$B$2:$B$190,A6,'Java vs Python'!$E$2:$E$190,"NA*") -> 1 | G6: =COUNTIFS('Java vs Python'!$B$2:$B$190,A6,'Java vs Python'!$H$2:$H$190,"NA*") -> 1 | H6: =COUNTIFS('Java vs Python'!$B$2:$B$190,A6,'Java vs Python'!$K$2:$K$190,"Done") -> 0 | I6: =COUNTIFS('Java vs Python'!$B$2:$B$190,A6,'Java vs Python'!$K$2:$K$190,"In Progress") -> 0 | J6: =IF(B6=0,0,H6/B6) -> 0
A7: Operators | B7: =COUNTIF('Java vs Python'!$B$2:$B$190,A7) -> 2 | C7: =B7-F7 -> 2 | D7: =B7-G7 -> 2 | E7: =B7-F7-G7 -> 2 | F7: =COUNTIFS('Java vs Python'!$B$2:$B$190,A7,'Java vs Python'!$E$2:$E$190,"NA*") -> 0 | G7: =COUNTIFS('Java vs Python'!$B$2:$B$190,A7,'Java vs Python'!$H$2:$H$190,"NA*") -> 0 | H7: =COUNTIFS('Java vs Python'!$B$2:$B$190,A7,'Java vs Python'!$K$2:$K$190,"Done") -> 0 | I7: =COUNTIFS('Java vs Python'!$B$2:$B$190,A7,'Java vs Python'!$K$2:$K$190,"In Progress") -> 0 | J7: =IF(B7=0,0,H7/B7) -> 0
A8: I/O | B8: =COUNTIF('Java vs Python'!$B$2:$B$190,A8) -> 2 | C8: =B8-F8 -> 2 | D8: =B8-G8 -> 2 | E8: =B8-F8-G8 -> 2 | F8: =COUNTIFS('Java vs Python'!$B$2:$B$190,A8,'Java vs Python'!$E$2:$E$190,"NA*") -> 0 | G8: =COUNTIFS('Java vs Python'!$B$2:$B$190,A8,'Java vs Python'!$H$2:$H$190,"NA*") -> 0 | H8: =COUNTIFS('Java vs Python'!$B$2:$B$190,A8,'Java vs Python'!$K$2:$K$190,"Done") -> 0 | I8: =COUNTIFS('Java vs Python'!$B$2:$B$190,A8,'Java vs Python'!$K$2:$K$190,"In Progress") -> 0 | J8: =IF(B8=0,0,H8/B8) -> 0
A9: Control Flow | B9: =COUNTIF('Java vs Python'!$B$2:$B$190,A9) -> 2 | C9: =B9-F9 -> 2 | D9: =B9-G9 -> 2 | E9: =B9-F9-G9 -> 2 | F9: =COUNTIFS('Java vs Python'!$B$2:$B$190,A9,'Java vs Python'!$E$2:$E$190,"NA*") -> 0 | G9: =COUNTIFS('Java vs Python'!$B$2:$B$190,A9,'Java vs Python'!$H$2:$H$190,"NA*") -> 0 | H9: =COUNTIFS('Java vs Python'!$B$2:$B$190,A9,'Java vs Python'!$K$2:$K$190,"Done") -> 0 | I9: =COUNTIFS('Java vs Python'!$B$2:$B$190,A9,'Java vs Python'!$K$2:$K$190,"In Progress") -> 0 | J9: =IF(B9=0,0,H9/B9) -> 0
A10: Loops | B10: =COUNTIF('Java vs Python'!$B$2:$B$190,A10) -> 3 | C10: =B10-F10 -> 2 | D10: =B10-G10 -> 3 | E10: =B10-F10-G10 -> 2 | F10: =COUNTIFS('Java vs Python'!$B$2:$B$190,A10,'Java vs Python'!$E$2:$E$190,"NA*") -> 1 | G10: =COUNTIFS('Java vs Python'!$B$2:$B$190,A10,'Java vs Python'!$H$2:$H$190,"NA*") -> 0 | H10: =COUNTIFS('Java vs Python'!$B$2:$B$190,A10,'Java vs Python'!$K$2:$K$190,"Done") -> 0 | I10: =COUNTIFS('Java vs Python'!$B$2:$B$190,A10,'Java vs Python'!$K$2:$K$190,"In Progress") -> 0 | J10: =IF(B10=0,0,H10/B10) -> 0
A11: Strings | B11: =COUNTIF('Java vs Python'!$B$2:$B$190,A11) -> 3 | C11: =B11-F11 -> 3 | D11: =B11-G11 -> 2 | E11: =B11-F11-G11 -> 2 | F11: =COUNTIFS('Java vs Python'!$B$2:$B$190,A11,'Java vs Python'!$E$2:$E$190,"NA*") -> 0 | G11: =COUNTIFS('Java vs Python'!$B$2:$B$190,A11,'Java vs Python'!$H$2:$H$190,"NA*") -> 1 | H11: =COUNTIFS('Java vs Python'!$B$2:$B$190,A11,'Java vs Python'!$K$2:$K$190,"Done") -> 0 | I11: =COUNTIFS('Java vs Python'!$B$2:$B$190,A11,'Java vs Python'!$K$2:$K$190,"In Progress") -> 0 | J11: =IF(B11=0,0,H11/B11) -> 0
A12: Arrays | B12: =COUNTIF('Java vs Python'!$B$2:$B$190,A12) -> 1 | C12: =B12-F12 -> 1 | D12: =B12-G12 -> 1 | E12: =B12-F12-G12 -> 1 | F12: =COUNTIFS('Java vs Python'!$B$2:$B$190,A12,'Java vs Python'!$E$2:$E$190,"NA*") -> 0 | G12: =COUNTIFS('Java vs Python'!$B$2:$B$190,A12,'Java vs Python'!$H$2:$H$190,"NA*") -> 0 | H12: =COUNTIFS('Java vs Python'!$B$2:$B$190,A12,'Java vs Python'!$K$2:$K$190,"Done") -> 0 | I12: =COUNTIFS('Java vs Python'!$B$2:$B$190,A12,'Java vs Python'!$K$2:$K$190,"In Progress") -> 0 | J12: =IF(B12=0,0,H12/B12) -> 0
A13: Collections | B13: =COUNTIF('Java vs Python'!$B$2:$B$190,A13) -> 15 | C13: =B13-F13 -> 13 | D13: =B13-G13 -> 11 | E13: =B13-F13-G13 -> 9 | F13: =COUNTIFS('Java vs Python'!$B$2:$B$190,A13,'Java vs Python'!$E$2:$E$190,"NA*") -> 2 | G13: =COUNTIFS('Java vs Python'!$B$2:$B$190,A13,'Java vs Python'!$H$2:$H$190,"NA*") -> 4 | H13: =COUNTIFS('Java vs Python'!$B$2:$B$190,A13,'Java vs Python'!$K$2:$K$190,"Done") -> 0 | I13: =COUNTIFS('Java vs Python'!$B$2:$B$190,A13,'Java vs Python'!$K$2:$K$190,"In Progress") -> 0 | J13: =IF(B13=0,0,H13/B13) -> 0
A14: Functions | B14: =COUNTIF('Java vs Python'!$B$2:$B$190,A14) -> 10 | C14: =B14-F14 -> 7 | D14: =B14-G14 -> 8 | E14: =B14-F14-G14 -> 5 | F14: =COUNTIFS('Java vs Python'!$B$2:$B$190,A14,'Java vs Python'!$E$2:$E$190,"NA*") -> 3 | G14: =COUNTIFS('Java vs Python'!$B$2:$B$190,A14,'Java vs Python'!$H$2:$H$190,"NA*") -> 2 | H14: =COUNTIFS('Java vs Python'!$B$2:$B$190,A14,'Java vs Python'!$K$2:$K$190,"Done") -> 0 | I14: =COUNTIFS('Java vs Python'!$B$2:$B$190,A14,'Java vs Python'!$K$2:$K$190,"In Progress") -> 0 | J14: =IF(B14=0,0,H14/B14) -> 0
A15: OOP | B15: =COUNTIF('Java vs Python'!$B$2:$B$190,A15) -> 26 | C15: =B15-F15 -> 24 | D15: =B15-G15 -> 21 | E15: =B15-F15-G15 -> 19 | F15: =COUNTIFS('Java vs Python'!$B$2:$B$190,A15,'Java vs Python'!$E$2:$E$190,"NA*") -> 2 | G15: =COUNTIFS('Java vs Python'!$B$2:$B$190,A15,'Java vs Python'!$H$2:$H$190,"NA*") -> 5 | H15: =COUNTIFS('Java vs Python'!$B$2:$B$190,A15,'Java vs Python'!$K$2:$K$190,"Done") -> 0 | I15: =COUNTIFS('Java vs Python'!$B$2:$B$190,A15,'Java vs Python'!$K$2:$K$190,"In Progress") -> 0 | J15: =IF(B15=0,0,H15/B15) -> 0
... A39: Tools | B39: =COUNTIF('Java vs Python'!$B$2:$B$190,A39) -> 1 | C39: =B39-F39 -> 1 | D39: =B39-G39 -> 1 | E39: =B39-F39-G39 -> 1 | F39: =COUNTIFS('Java vs Python'!$B$2:$B$190,A39,'Java vs Python'!$E$2:$E$190,"NA*") -> 0 | G39: =COUNTIFS('Java vs Python'!$B$2:$B$190,A39,'Java vs Python'!$H$2:$H$190,"NA*") -> 0 | H39: =COUNTIFS('Java vs Python'!$B$2:$B$190,A39,'Java vs Python'!$K$2:$K$190,"Done") -> 0 | I39: =COUNTIFS('Java vs Python'!$B$2:$B$190,A39,'Java vs Python'!$K$2:$K$190,"In Progress") -> 0 | J39: =IF(B39=0,0,H39/B39) -> 0
A40: Total | B40: =SUM(B4:B39) -> 189 | C40: =SUM(C4:C39) -> 164 | D40: =SUM(D4:D39) -> 163 | E40: =SUM(E4:E39) -> 138 | F40: =SUM(F4:F39) -> 25 | G40: =SUM(G4:G39) -> 26 | H40: =SUM(H4:H39) -> 1 | I40: =SUM(I4:I39) -> 0 | J40: =IF(B40=0,0,H40/B40) -> 0.0052910053
A42: By Priority
A43: Priority | B43: Meaning | C43: Total Topics | D43: Done | E43: In Progress | F43: % Done
A44: P1 | B44: Core. Learn first. | C44: =COUNTIF('Java vs Python'!$C$2:$C$190,A44) -> 53 | D44: =COUNTIFS('Java vs Python'!$C$2:$C$190,A44,'Java vs Python'!$K$2:$K$190,"Done") -> 1 | E44: =COUNTIFS('Java vs Python'!$C$2:$C$190,A44,'Java vs Python'!$K$2:$K$190,"In Progress") -> 0 | F44: =IF(C44=0,0,D44/C44) -> 0.018867925
A45: P2 | B45: Important. Needed for real projects and jobs. | C45: =COUNTIF('Java vs Python'!$C$2:$C$190,A45) -> 75 | D45: =COUNTIFS('Java vs Python'!$C$2:$C$190,A45,'Java vs Python'!$K$2:$K$190,"Done") -> 0 | E45: =COUNTIFS('Java vs Python'!$C$2:$C$190,A45,'Java vs Python'!$K$2:$K$190,"In Progress") -> 0 | F45: =IF(C45=0,0,D45/C45) -> 0
A46: P3 | B46: Advanced or niche. Learn when your work needs it. | C46: =COUNTIF('Java vs Python'!$C$2:$C$190,A46) -> 61 | D46: =COUNTIFS('Java vs Python'!$C$2:$C$190,A46,'Java vs Python'!$K$2:$K$190,"Done") -> 0 | E46: =COUNTIFS('Java vs Python'!$C$2:$C$190,A46,'Java vs Python'!$K$2:$K$190,"In Progress") -> 0 | F46: =IF(C46=0,0,D46/C46) -> 0
A49: How to use: go to the 'Java vs Python' sheet, filter by Category or Priority, and set Status for each topic. This summary updates automatically.
A50: Each row compares one topic: Java Question + Answer on the left (orange headers), Python Question + Answer on the right (blue headers).
A51: NA means that language has no equal topic. The Key Difference column explains what to use instead.
A52: Priority: P1 = core, P2 = important for jobs, P3 = advanced or niche. For NA rows, priority is based on the language that has the topic.

Sheet Java vs Python
A1: # | B1: Category | C1: Priority | D1: Java Topic | E1: Java Question | F1: Java Answer / Explanation | G1: Python Topic | H1: Python Question | I1: Python Answer / Explanation | J1: Key Difference | K1: Status
A2: 1 | B2: Basics | C2: P1 | D2: Introduction, history, features | E2: What is Java, who created it, and what are its main features? | F2: Created by James Gosling at Sun Microsystems (1995), now owned by Oracle. It is compiled to bytecode, object-oriented, strongly and statically typed, platform independent, multithreaded, secure and robust (garbage collection, exception handling). | G2: Introduction, history, features | H2: What is Python, who created it, and what are its main features? | I2: Created by Guido van Rossum (1991). It is interpreted, dynamically typed, multi-paradigm (procedural, OOP, functional), has very readable syntax, a huge standard library and automatic memory management. | J2: Java is compiled and statically typed (more rules, faster runtime). Python is interpreted and dynamically typed (less code, faster to write). | K2: Done
A3: 2 | B3: Basics | C3: P1 | D3: JDK, JRE, JVM, installation | E3: What are JDK, JRE and JVM and how do you install Java? | F3: JVM runs bytecode. JRE = JVM + core libraries. JDK = JRE + tools (javac, jar, jdb). Install a JDK (Oracle, OpenJDK, Temurin), set JAVA_HOME and PATH, check with java -version. | G3: Python interpreter, installation, pip | H3: How do you install Python and manage packages? | I3: Install the Python interpreter (CPython) from python.org or a package manager, check with python --version. pip installs third-party packages from PyPI (pip install requests). | J3: Java needs a JDK to compile and a JVM to run. Python needs only the interpreter, and pip handles libraries. | K3: Not Started
A4: 3 | B4: Basics | C4: P1 | D4: Program structure (class, main method) | E4: What is the structure of a Java program? | F4: Code lives inside classes. Execution starts at public static void main(String[] args). One public class per file, file name equals class name. Example: public class Hello { public static void main(String[] a) { System.out.println("Hi"); } } | G4: Script structure, indentation rules | H4: What is the structure of a Python script? | I4: No class or main method required. Statements run top to bottom. Blocks are defined by indentation (4 spaces), not braces. Example: print("Hi") | J4: Java forces class and main. Python uses indentation for blocks and needs no boilerplate. | K4: Not Started
A5: 4 | B5: Basics | C5: P1 | D5: Compile and run (javac, java, bytecode) | E5: How do you compile and run a Java program? | F5: javac Hello.java compiles to Hello.class (bytecode), java Hello runs it on the JVM. The JIT compiler turns hot bytecode into native code at runtime. | G5: Run with interpreter (python, .pyc) | H5: How do you run a Python program? | I5: python hello.py. CPython compiles source to bytecode (stored in __pycache__ as .pyc) and the Python Virtual Machine executes it. No separate compile command. | J5: Java has an explicit compile step. Python compiles implicitly each run (cached as .pyc). | K5: Not Started
A6: 5 | B6: Basics | C6: P1 | D6: Comments (//, /* */, /** */) | E6: What comment styles exist in Java? | F6: Single line //, multi-line /* ... */, and documentation comments /** ... */ used by the javadoc tool. | G6: Comments (#, docstrings) | H6: What comment styles exist in Python? | I6: Single line # only. Triple-quoted strings used as docstrings document modules, classes and functions (accessible via __doc__). | J6: Python has no block comment; docstrings are real runtime objects. | K6: Not Started
A7: 6 | B7: Basics | C7: P1 | D7: Keywords, identifiers | E7: What are keywords and identifier rules in Java? | F7: Reserved words (class, public, static, final, if, for, etc.) cannot be identifiers. Identifiers start with a letter, _ or $, are case-sensitive; convention: camelCase variables, PascalCase classes, UPPER_CASE constants. | G7: Keywords, identifiers | H7: What are keywords and identifier rules in Python? | I7: Reserved words (def, class, lambda, yield, async, None, True, etc.) listed by keyword.kwlist. Identifiers start with a letter or _, are case-sensitive; convention: snake_case, PascalCase classes, UPPER_CASE constants. | J7: Naming conventions differ: camelCase (Java) vs snake_case (Python). | K7: Not Started
A8: 7 | B8: Basics | C8: P2 | D8: Command-line arguments (args[]) | E8: How do you read command-line arguments in Java? | F8: Through the String[] args parameter of main. java App a b gives args[0]="a", args[1]="b". All values are Strings and must be parsed (Integer.parseInt). | G8: sys.argv, argparse | H8: How do you read command-line arguments in Python? | I8: sys.argv list (argv[0] is the script name) for simple use; argparse module for flags, help text, types and validation. | J8: Python has a built-in rich parser (argparse); Java usually needs a library like picocli. | K8: Not Started
A9: 8 | B9: Basics | C9: P2 | D9: Math class, Random | E9: Which Java classes handle math and random numbers? | F9: Math (abs, pow, sqrt, ceil, floor, round, max, min), Random and ThreadLocalRandom, SecureRandom for security, StrictMath. | G9: math, random, statistics, decimal, fractions | H9: Which Python modules handle math and random numbers? | I9: math (sqrt, pow, ceil, floor, pi), random (randint, choice, shuffle, sample), statistics (mean, median), decimal and fractions for exact arithmetic, secrets for secure random. | J9: Python ships statistics, fractions and decimal in the standard library. | K9: Not Started
A10: 9 | B10: Basics | C10: P2 | D10: NA | E10: NA | F10: NA | G10: __name__ == "__main__", Python 2 vs 3 differences | H10: What is __name__ == "__main__" and what changed from Python 2 to 3? | I10: __name__ is "__main__" when the file is run directly and the module name when imported, so the guarded block runs only on direct execution. Python 3: print() function, true division, Unicode str by default, range replaces xrange. | J10: Java always starts from main; Python needs this guard to separate import from execution. | K10: Not Started
A11: 10 | B11: Basics | C11: P3 | D11: Javadoc | E11: What is Javadoc? | F11: Tool that generates HTML API docs from /** */ comments with tags like @param, @return, @throws, @author, @see. | G11: Docstrings, Sphinx | H11: What are docstrings and Sphinx? | I11: Docstrings are triple-quoted strings at the start of a module, class or function, readable with help() and __doc__. Sphinx builds HTML docs from them (Google or NumPy style). | J11: Javadoc is a comment processed by a tool; a docstring is an actual attribute at runtime. | K11: Not Started
A12: 11 | B12: Basics | C12: P3 | D12: Unicode, character encoding | E12: How does Java handle Unicode and encodings? | F12: char is a 16-bit UTF-16 code unit; String is UTF-16 internally. Use StandardCharsets.UTF_8 when converting bytes. Characters beyond the BMP need two chars (surrogate pairs) or codePoint methods. | G12: Unicode, encode()/decode() | H12: How does Python handle Unicode and encodings? | I12: str is Unicode (code points) by default. encode("utf-8") gives bytes; decode converts back. Always specify encoding when opening text files. | J12: Python 3 strings are Unicode code points; Java strings are UTF-16 units. | K12: Not Started
A13: 12 | B13: Basics | C13: P3 | D13: Bit manipulation | E13: How do you do bit manipulation in Java? | F13: Operators: AND, OR, XOR, NOT (~), left shift (<<), signed right shift (>>), unsigned right shift (>>>). Integer.bitCount, toBinaryString help. Useful for flags, masks, swaps. | G13: Bit manipulation | H13: How do you do bit manipulation in Python? | I13: Same operators except no unsigned shift (ints are arbitrary precision): AND, OR, XOR, ~, << and >>. bin(), int(x,2), int.bit_count() (3.10+). | J13: Java has fixed widths and >>>. Python ints never overflow, so no unsigned shift. | K13: Not Started
... A190: 189 | B190: Tools | C190: P2 | D190: Postman (API testing) | E190: How is Postman used with Java APIs? | F190: Postman sends HTTP requests, saves collections, tests responses and mocks APIs, useful with Spring Boot services. | G190: Postman (API testing) | H190: How is Postman used with Python APIs? | I190: The same use with FastAPI, Flask or Django services; also try curl, HTTPie or Swagger UI. | J190: Language-independent tool. | K190: Not Started
